,id,timezone,model,model_id,hash_deviceid,startdate,enddate,date,created,modified,wakeupduration,wakeupcount,remsleepduration,total_timeinbed,total_sleep_time,sleep_efficiency,sleep_latency,wakeup_latency,waso,nb_rem_episodes,out_of_bed_count,lightsleepduration,hr_average,hr_min,hr_max,rr_average,rr_min,rr_max,snoring,snoringepisodecount,sleep_score,night_events
0,3602817074,Asia/Seoul,32,63,9253e4399a82ad45c6a5185e99dd0fd5711ae232,2023-08-03 07:13:00,2023-08-03 09:57:00,2023-08-03,2023-08-03 08:13:33,2023-08-03 12:00:15,3660,3,660,8400,4740,0.56,420,0,4680,2,6,720,66,62,71,15,11,18,0,0,20,"{""1"":[0,3600,480,1140,720,720,1800,600],""2"":[420,3180,480,5040],""3"":[3480,480,720,5160],""4"":[3480,480,720,1140,660,1800,600,960]}"
1,3604785072,Asia/Seoul,32,63,9253e4399a82ad45c6a5185e99dd0fd5711ae232,2023-08-04 05:56:00,2023-08-04 08:55:00,2023-08-04,2023-08-04 07:09:10,2023-08-04 10:58:11,1560,3,1680,7140,5580,0.78,840,0,4320,2,3,660,77,66,86,18,13,19,0,0,20,"{""1"":[0,4380,4200,1680],""2"":[840,3780,4440,1200],""3"":[4260,1440,3960,1080],""4"":[4260,1440,3960,1080]}"
2,3605089288,Asia/Seoul,32,63,9253e4399a82ad45c6a5185e99dd0fd5711ae232,2023-08-04 11:55:00,2023-08-04 13:01:00,2023-08-04,2023-08-04 13:02:15,2023-08-04 15:04:13,900,0,0,3960,3060,0.77,900,0,0,0,0,60,71,55,72,15,13,16,0,0,20,"{""1"":[0],""2"":[900],""3"":[3960],""4"":[3960]}"
3,3608434764,Asia/Seoul,32,63,9253e4399a82ad45c6a5185e99dd0fd5711ae232,2023-08-06 02:10:00,2023-08-06 06:02:00,2023-08-06,2023-08-06 03:27:13,2023-08-06 08:05:13,2160,4,480,11100,8940,0.81,1080,0,3900,2,5,3360,55,49,62,19,11,25,0,0,20,"{""1"":[0,4920,1020,900,3300,2580],""2"":[1080,3840,1920,3300,3360],""3"":[4560,840,4440,1860,2220],""4"":[4560,840,840,3600,1860,2220]}"
4,3610837204,Asia/Seoul,32,63,9253e4399a82ad45c6a5185e99dd0fd5711ae232,2023-08-07 03:12:00,2023-08-07 10:10:00,2023-08-07,2023-08-07 08:53:15,2023-08-07 12:13:13,3000,4,1320,24900,21900,0.88,1080,0,2100,2,2,15600,85,71,100,15,12,19,0,0,56,"{""1"":[0,20520,1440],""2"":[1080,12000,5460,2160,1380],""3"":[12660,4680,3060,1500,3180],""4"":[20400,1500,3180]}"
5,3611328022,Asia/Seoul,32,63,9253e4399a82ad45c6a5185e99dd0fd5711ae232,2023-08-07 15:30:00,2023-08-07 15:54:00,2023-08-07,2023-08-07 15:56:20,2023-08-07 17:57:14,840,0,0,1440,600,0.42,840,0,0,0,0,600,90,88,93,14,13,15,0,0,20,"{""1"":[0],""2"":[840],""3"":[1440],""4"":[1440]}"
6,3612379207,Asia/Seoul,32,63,9253e4399a82ad45c6a5185e99dd0fd5711ae232,2023-08-08 02:27:00,2023-08-08 02:55:00,2023-08-08,2023-08-08 02:57:39,2023-08-08 05:27:13,720,0,0,1680,960,0.57,720,0,0,0,0,960,69,67,72,13,12,14,0,0,20,"{""1"":[0],""2"":[720],""3"":[1680],""4"":[1680]}"
7,3612812644,Asia/Seoul,32,63,9253e4399a82ad45c6a5185e99dd0fd5711ae232,2023-08-08 07:19:00,2023-08-08 07:38:00,2023-08-08,2023-08-08 07:39:13,2023-08-08 09:50:14,720,0,0,1140,420,0.37,720,0,0,0,0,420,61,59,61,13,11,12,0,0,20,"{""1"":[0],""2"":[720],""3"":[1140],""4"":[1140]}"
8,3614989102,Asia/Seoul,32,63,9253e4399a82ad45c6a5185e99dd0fd5711ae232,2023-08-09 08:32:00,2023-08-09 10:55:00,2023-08-09,2023-08-09 10:35:15,2023-08-09 12:58:14,4920,3,0,8100,3180,0.39,4800,0,600,0,4,3180,61,53,73,17,9,20,0,0,20,"{""1"":[0,7440,180,240,660],""2"":[4800,2640,420,660],""3"":[7320,180,900,180],""4"":[7320,180,240,660,180]}"
9,3617118631,Asia/Seoul,32,63,9253e4399a82ad45c6a5185e99dd0fd5711ae232,2023-08-10 08:54:00,2023-08-10 11:40:00,2023-08-10,2023-08-10 11:42:45,2023-08-10 13:43:12,3480,1,0,9960,6480,0.65,1560,1260,660,0,0,6480,60,53,77,18,10,24,0,0,20,"{""1"":[0],""2"":[1560,4080],""3"":[4980,3720],""4"":[9960]}"
10,3619146683,Asia/Seoul,32,63,9253e4399a82ad45c6a5185e99dd0fd5711ae232,2023-08-11 09:35:00,2023-08-11 12:18:00,2023-08-11,2023-08-11 11:32:41,2023-08-11 14:21:14,1980,2,2100,9600,7620,0.79,1380,600,180,3,2,4500,62,53,76,17,9,23,0,0,20,"{""1"":[0,6960,180],""2"":[1380,5580,180],""3"":[6900,120,2160],""4"":[6900,120,2760]}"
11,3621165175,Asia/Seoul,32,63,9253e4399a82ad45c6a5185e99dd0fd5711ae232,2023-08-12 10:54:00,2023-08-12 11:37:00,2023-08-12,2023-08-12 11:12:11,2023-08-12 13:40:12,660,2,0,1800,1140,0.63,660,0,780,0,1,1140,67,63,72,14,12,16,0,0,20,"{""1"":[0,1080,720],""2"":[660,420,720],""3"":[960,180,1440],""4"":[960,180,1440]}"
12,3627275562,Asia/Seoul,32,63,9253e4399a82ad45c6a5185e99dd0fd5711ae232,2023-08-15 10:31:00,2023-08-15 11:51:00,2023-08-15,2023-08-15 11:22:37,2023-08-15 13:54:14,660,1,1200,4260,3600,0.85,540,0,660,2,2,960,63,60,66,14,12,17,0,0,20,"{""1"":[0,3300,300],""2"":[540,3060],""3"":[2940,1860],""4"":[2940,480,1380]}"
13,3633381477,Asia/Seoul,32,63,9253e4399a82ad45c6a5185e99dd0fd5711ae232,2023-08-18 08:50:00,2023-08-18 10:02:00,2023-08-18,2023-08-18 10:04:12,2023-08-18 12:05:12,600,0,840,4320,3720,0.86,600,0,0,1,0,1020,69,65,75,16,13,19,0,0,20,"{""1"":[0],""2"":[600],""3"":[4320],""4"":[4320]}"
14,3635375720,Asia/Seoul,32,63,9253e4399a82ad45c6a5185e99dd0fd5711ae232,2023-08-19 09:34:00,2023-08-19 13:04:00,2023-08-19,2023-08-19 10:04:28,2023-08-19 15:07:14,540,3,4680,11400,10860,0.95,300,0,1440,4,4,6180,64,54,83,15,11,20,0,0,20,"{""1"":[0,1800,4680,2400,720],""2"":[300,1500,4800,3000],""3"":[1680,4680,2160,4080],""4"":[1680,4680,2160,480,3600]}"
15,3637301376,Asia/Seoul,32,63,9253e4399a82ad45c6a5185e99dd0fd5711ae232,2023-08-20 08:25:00,2023-08-20 09:18:00,2023-08-20,2023-08-20 09:20:04,2023-08-20 11:30:12,1140,0,0,3180,2040,0.64,1140,0,0,0,0,960,72,67,76,16,14,16,0,0,20,"{""1"":[0],""2"":[1140],""3"":[3180],""4"":[3180]}"
16,3643664855,Asia/Seoul,32,63,9253e4399a82ad45c6a5185e99dd0fd5711ae232,2023-08-23 12:16:00,2023-08-23 13:14:00,2023-08-23,2023-08-23 13:12:16,2023-08-23 15:17:14,3060,1,0,3360,300,0.09,3060,0,120,0,0,300,67,66,69,16,14,22,0,0,20,"{""1"":[0,3420],""2"":[3060,360],""3"":[3300,180],""4"":[3300,180]}"
17,3645491802,Asia/Seoul,32,63,9253e4399a82ad45c6a5185e99dd0fd5711ae232,2023-08-24 04:56:00,2023-08-24 10:13:00,2023-08-24,2023-08-24 08:13:18,2023-08-24 12:16:13,1800,1,1260,13440,11640,0.87,600,0,6780,1,4,3960,67,59,82,15,12,20,2100,4,20,"{""1"":[0,12300,1080,1080,3480],""2"":[600,17940],""3"":[11760,7260],""4"":[11760,900,840,1080,4440]}"
18,3647509296,Asia/Seoul,32,63,9253e4399a82ad45c6a5185e99dd0fd5711ae232,2023-08-25 06:42:00,2023-08-25 10:54:00,2023-08-25,2023-08-25 07:59:17,2023-08-25 12:57:13,1800,3,960,13860,12060,0.87,840,0,2220,1,4,5400,62,46,70,14,12,28,1500,3,20,"{""1"":[0,4620,1020,900,3300],""2"":[840,3780,2340,2880],""3"":[4500,420,4860,5340],""4"":[4500,420,1260,3600,5340]}"
19,3649660947,Asia/Seoul,32,63,9253e4399a82ad45c6a5185e99dd0fd5711ae232,2023-08-26 09:22:00,2023-08-26 09:43:00,2023-08-26,2023-08-26 09:45:21,2023-08-26 11:46:11,420,0,0,1260,840,0.67,420,0,0,0,0,840,64,62,65,15,15,15,0,0,20,"{""1"":[0],""2"":[420],""3"":[1260],""4"":[1260]}"
20,3653854035,Asia/Seoul,32,63,9253e4399a82ad45c6a5185e99dd0fd5711ae232,2023-08-28 05:48:00,2023-08-28 08:04:00,2023-08-28,2023-08-28 06:03:31,2023-08-28 10:07:13,1020,2,1860,6720,5700,0.85,540,0,1920,2,1,1680,64,59,74,15,11,19,240,1,20,"{""1"":[0,1320,3420],""2"":[540,900,3660],""3"":[780,3060,4320],""4"":[780,3060,4320]}"
21,3656208040,Asia/Seoul,32,63,9253e4399a82ad45c6a5185e99dd0fd5711ae232,2023-08-29 09:23:00,2023-08-29 09:50:00,2023-08-29,2023-08-29 09:48:57,2023-08-29 11:58:11,780,1,0,1560,780,0.5,780,0,60,0,1,780,63,61,67,14,13,15,0,0,20,"{""1"":[0,1440],""2"":[780,660],""3"":[1380,240],""4"":[1380,240]}"
22,3657942609,Asia/Seoul,32,63,9253e4399a82ad45c6a5185e99dd0fd5711ae232,2023-08-30 04:29:00,2023-08-30 10:15:00,2023-08-30,2023-08-30 04:49:14,2023-08-30 12:18:13,2460,6,3480,16560,14100,0.85,540,0,6120,4,9,6540,65,55,74,15,9,22,60,1,20,"{""1"":[0,1500,3180,5040,360,540,480,2880,1380,1260],""2"":[540,1080,3120,6360,4620,1320],""3"":[1140,3360,4740,4380,2820],""4"":[1140,3360,4740,600,360,600,2820,660,2160],""0"":[19140]}"
23,3660498492,Asia/Seoul,32,63,9253e4399a82ad45c6a5185e99dd0fd5711ae232,2023-08-31 10:38:00,2023-08-31 12:02:00,2023-08-31,2023-08-31 12:04:58,2023-08-31 14:05:15,3600,0,0,5040,1440,0.29,3600,0,0,0,0,1440,65,57,86,20,17,21,0,0,20,"{""1"":[0],""2"":[3600],""3"":[5040],""4"":[5040]}"
24,3662500975,Asia/Seoul,32,63,9253e4399a82ad45c6a5185e99dd0fd5711ae232,2023-09-01 09:11:00,2023-09-01 11:04:00,2023-09-01,2023-09-01 11:06:34,2023-09-01 13:07:10,1260,0,2220,6780,5520,0.81,1260,0,0,1,0,2340,78,72,89,17,14,25,360,1,20,"{""1"":[0],""2"":[1260],""3"":[6780],""4"":[6780]}"
25,3668934580,Asia/Seoul,32,63,9253e4399a82ad45c6a5185e99dd0fd5711ae232,2023-09-04 10:11:00,2023-09-04 14:24:00,2023-09-04,2023-09-04 11:18:19,2023-09-04 16:27:14,2400,2,1920,10260,7860,0.77,360,0,6960,2,9,1260,65,56,75,16,13,24,3180,1,20,"{""1"":[0,4980,360,720,300,420,120,960,1920,540],""2"":[360,10260,2100],""3"":[3900,8580,2700],""4"":[3900,1260,300,660,420,300,240,1080,2040,4980]}"
26,3673158958,Asia/Seoul,32,63,9253e4399a82ad45c6a5185e99dd0fd5711ae232,2023-09-06 06:39:00,2023-09-06 12:52:00,2023-09-06,2023-09-06 09:08:18,2023-09-06 14:55:14,2280,3,3180,14760,12480,0.85,540,0,9360,2,2,1920,64,58,81,15,12,19,0,0,20,"{""1"":[0,9480,7140,3900],""2"":[540,8940,7560,4800],""3"":[8880,3300,5760,4440],""4"":[8880,3300,5760,4440]}"
27,3675138999,Asia/Seoul,32,63,9253e4399a82ad45c6a5185e99dd0fd5711ae232,2023-09-07 05:18:00,2023-09-07 12:30:00,2023-09-07,2023-09-07 06:21:12,2023-09-07 14:33:12,3960,4,2160,17880,13920,0.78,900,840,10260,3,7,5220,66,56,75,16,12,27,480,2,20,"{""1"":[0,4200,900,3360,3480,780,420,2640],""2"":[900,3300,4800,7440,7320],""3"":[3720,1080,6420,12180,1680],""4"":[3720,1080,540,5880,900,780,300,12720]}"
28,3679581981,Asia/Seoul,32,63,9253e4399a82ad45c6a5185e99dd0fd5711ae232,2023-09-09 10:11:00,2023-09-09 10:58:00,2023-09-09,2023-09-09 11:00:19,2023-09-09 13:01:13,540,0,900,2820,2280,0.81,540,0,0,0,0,1380,70,67,76,15,13,19,0,0,20,"{""1"":[0],""2"":[540],""3"":[2820],""4"":[2820]}"
29,3681346986,Asia/Seoul,32,63,9253e4399a82ad45c6a5185e99dd0fd5711ae232,2023-09-10 04:50:00,2023-09-10 08:16:00,2023-09-10,2023-09-10 05:48:13,2023-09-10 10:19:11,2940,2,0,7560,4620,0.61,720,0,7020,0,6,1080,86,83,89,16,14,17,2160,2,20,"{""1"":[0,3600,2160,600,720,1860,2820],""2"":[720,8700,2340],""3"":[3420,7320,1620],""4"":[3420,540,2160,600,1020,3000,1620]}"
30,3682909952,Asia/Seoul,32,63,9253e4399a82ad45c6a5185e99dd0fd5711ae232,2023-09-11 00:28:00,2023-09-11 00:40:00,2023-09-11,2023-09-11 00:41:12,2023-09-11 02:43:15,420,0,300,720,300,0.42,420,0,0,1,0,0,77,75,77,16,16,16,0,0,20,"{""1"":[0],""2"":[420],""3"":[720],""4"":[720]}"
31,3683544987,Asia/Seoul,32,63,9253e4399a82ad45c6a5185e99dd0fd5711ae232,2023-09-11 05:03:00,2023-09-11 12:48:00,2023-09-11,2023-09-11 06:57:13,2023-09-11 14:52:26,2340,5,1380,22140,19800,0.89,660,0,7440,1,5,18420,53,45,74,14,11,19,0,0,33,"{""1"":[0,7560,3480,3720,1860,2340],""2"":[660,7380,3360,4200,1020,2340],""3"":[6720,2040,3720,3900,2460,9060],""4"":[6720,2040,3720,3900,2460,9060]}"
32,3686003520,Asia/Seoul,32,63,9253e4399a82ad45c6a5185e99dd0fd5711ae232,2023-09-12 11:52:00,2023-09-12 13:14:00,2023-09-12,2023-09-12 12:40:31,2023-09-12 15:17:13,3060,1,0,4740,1680,0.35,2400,540,300,0,0,1680,78,75,88,17,15,18,0,0,20,"{""1"":[0,2940],""2"":[2400,660],""3"":[2760,1620],""4"":[2760,2160]}"
33,3688172379,Asia/Seoul,32,63,9253e4399a82ad45c6a5185e99dd0fd5711ae232,2023-09-13 11:32:00,2023-09-13 13:29:00,2023-09-13,2023-09-13 11:52:15,2023-09-13 15:32:14,3900,1,0,4440,540,0.12,600,0,5880,0,2,540,73,69,74,14,13,17,0,0,20,"{""1"":[0,2220,3240],""2"":[600,6360],""3"":[1080,5940],""4"":[1080,2940,3000]}"
34,3690235597,Asia/Seoul,32,63,9253e4399a82ad45c6a5185e99dd0fd5711ae232,2023-09-14 08:00:00,2023-09-14 13:15:00,2023-09-14,2023-09-14 08:47:12,2023-09-14 15:18:12,4980,6,2940,14880,9900,0.67,540,0,8460,5,9,4740,66,61,72,15,12,20,0,0,20,"{""1"":[0,3180,1020,1020,780,1860,1560,660,7440],""2"":[540,3660,1020,780,6420,5220],""3"":[2760,1980,1020,780,10800,1260],""4"":[2760,480,1500,1020,780,2760,600,7440,1260],""0"":[18720]}"
35,3694643540,Asia/Seoul,32,63,9253e4399a82ad45c6a5185e99dd0fd5711ae232,2023-09-16 08:57:00,2023-09-16 12:08:00,2023-09-16,2023-09-16 11:25:19,2023-09-16 14:11:16,600,1,1800,10860,10260,0.94,600,0,600,1,0,5100,65,58,80,15,12,19,0,0,20,"{""1"":[0,9360],""2"":[600,8760],""3"":[8760,2700],""4"":[8760,2700]}"
36,3696752092,Asia/Seoul,32,63,9253e4399a82ad45c6a5185e99dd0fd5711ae232,2023-09-17 09:50:00,2023-09-17 11:25:00,2023-09-17,2023-09-17 11:24:35,2023-09-17 13:28:12,480,1,2040,5580,5100,0.91,480,0,120,1,1,1800,74,67,86,16,12,21,180,1,20,"{""1"":[0,5640],""2"":[480,5160],""3"":[5520,180],""4"":[5520,180]}"
37,3698248592,Asia/Seoul,32,63,9253e4399a82ad45c6a5185e99dd0fd5711ae232,2023-09-18 02:04:00,2023-09-18 05:06:00,2023-09-18,2023-09-18 02:34:15,2023-09-18 14:41:18,5340,1,300,8760,3420,0.39,780,0,6720,0,1,0,76,71,89,16,14,19,420,1,20,"{""1"":[0,3180,2340],""2"":[780,7680],""3"":[1740,9180],""4"":[1740,3060,6120]}"
38,3698870276,Asia/Seoul,32,63,9253e4399a82ad45c6a5185e99dd0fd5711ae232,2023-09-18 09:41:00,2023-09-18 15:37:00,2023-09-18,2023-09-18 10:23:32,2023-09-18 17:41:18,6000,4,3060,21000,15000,0.71,1980,600,3780,3,1,8940,66,51,75,16,12,24,0,0,20,"{""1"":[0,2580,15540],""2"":[1980,660,1980,13920,1320],""3"":[2400,780,14160,1620,1800],""4"":[2400,15540,3420]}"
39,3703668770,Asia/Seoul,32,63,9253e4399a82ad45c6a5185e99dd0fd5711ae232,2023-09-20 07:22:00,2023-09-20 12:06:00,2023-09-20,2023-09-20 08:41:13,2023-09-20 14:09:11,1800,3,480,13260,11460,0.86,540,0,5040,1,4,3720,73,66,78,15,12,19,420,1,20,"{""1"":[0,4740,6480,2580,1860],""2"":[540,4800,5940,4800],""3"":[4680,6360,900,5100],""4"":[4680,6360,900,2040,3060]}"
40,3704106103,Asia/Seoul,32,63,9253e4399a82ad45c6a5185e99dd0fd5711ae232,2023-09-20 14:09:00,2023-09-20 15:27:00,2023-09-20,2023-09-20 14:30:12,2023-09-20 17:30:14,1680,2,1800,4320,2640,0.61,540,0,1500,2,3,840,70,66,78,15,12,23,780,2,20,"{""1"":[0,1320,720,1980],""2"":[540,2100,1380],""3"":[1200,2760,720],""4"":[1200,660,2100,720]}"
41,3706287652,Asia/Seoul,32,63,9253e4399a82ad45c6a5185e99dd0fd5711ae232,2023-09-21 12:10:00,2023-09-21 12:28:00,2023-09-21,2023-09-21 12:30:01,2023-09-21 14:31:12,420,0,0,1080,660,0.61,420,0,0,0,0,660,75,73,76,16,14,16,0,0,20,"{""1"":[0],""2"":[420],""3"":[1080],""4"":[1080]}"
42,3710555919,Asia/Seoul,32,63,9253e4399a82ad45c6a5185e99dd0fd5711ae232,2023-09-23 07:15:00,2023-09-23 12:11:00,2023-09-23,2023-09-23 07:24:15,2023-09-23 14:14:14,3660,6,360,8880,5220,0.59,300,0,12240,2,13,2520,71,63,81,15,12,17,60,1,20,"{""1"":[0,2280,1320,1920,840,420,480,3180,420,360,1560],""2"":[300,3720,1500,2460],""3"":[480,4920,300,3540],""4"":[480,1920,3000,300,720,660,2160,1380,300,1020,960],""0"":[13740]}"
43,3713103207,Asia/Seoul,32,63,9253e4399a82ad45c6a5185e99dd0fd5711ae232,2023-09-24 11:11:00,2023-09-24 17:11:00,2023-09-24,2023-09-24 13:04:49,2023-09-24 19:15:13,2760,2,3840,18900,16140,0.85,1020,0,4440,3,3,1080,84,73,102,17,11,22,8880,8,23,"{""1"":[0,7260,10260,1200],""2"":[1020,6300,12720],""3"":[6660,9600,5340],""4"":[6660,9600,1620,3720]}"
44,3715243083,Asia/Seoul,32,63,9253e4399a82ad45c6a5185e99dd0fd5711ae232,2023-09-25 07:14:00,2023-09-25 13:39:00,2023-09-25,2023-09-25 08:35:14,2023-09-25 15:47:15,4980,3,1320,17640,12660,0.72,1500,0,8940,3,6,5460,64,53,85,14,11,19,2100,5,20,"{""1"":[0,5400,3660,2880,7860,600,300],""2"":[1500,3900,7680,7620],""3"":[4800,1260,13320,3720],""4"":[4800,1260,5100,8220,540,600,2580]}"
45,3717769846,Asia/Seoul,32,63,9253e4399a82ad45c6a5185e99dd0fd5711ae232,2023-09-26 08:47:00,2023-09-26 09:43:00,2023-09-26,2023-09-26 09:44:15,2023-09-26 11:48:14,600,0,420,3360,2760,0.82,600,0,0,1,0,0,72,70,75,17,15,17,780,2,20,"{""1"":[0],""2"":[600],""3"":[3360],""4"":[3360]}"
46,3717960151,Asia/Seoul,32,63,9253e4399a82ad45c6a5185e99dd0fd5711ae232,2023-09-26 12:34:00,2023-09-26 13:27:00,2023-09-26,2023-09-26 12:57:17,2023-09-26 15:30:09,1020,2,360,2460,1440,0.59,1020,0,720,1,1,1080,71,67,75,13,12,16,0,0,20,"{""1"":[0,1560,540],""2"":[1020,540,540],""3"":[1320,300,1560],""4"":[1320,300,1560]}"
47,3719908459,Asia/Seoul,32,63,9253e4399a82ad45c6a5185e99dd0fd5711ae232,2023-09-27 05:20:00,2023-09-27 15:08:00,2023-09-27,2023-09-27 05:35:23,2023-09-27 17:12:13,4740,8,4080,25500,20760,0.81,540,0,13980,5,11,12600,59,52,77,13,10,25,0,0,46,"{""1"":[0,960,2760,240,3540,3960,2460,6780,3840],""2"":[540,480,7140,4140,2700,5700,3840],""3"":[840,1320,6420,3960,8040,3840],""4"":[840,1320,1680,1020,3720,3960,8040,3840],""0"":[27780]}"
48,3722618793,Asia/Seoul,32,63,9253e4399a82ad45c6a5185e99dd0fd5711ae232,2023-09-28 08:14:00,2023-09-28 15:04:00,2023-09-28,2023-09-28 09:17:16,2023-09-28 17:07:16,2700,5,4500,22800,20100,0.88,840,0,3660,3,4,7380,70,63,83,16,10,23,360,1,54,"{""1"":[0,5040,3300,4920,3600],""2"":[840,5040,2700,2280,2640,3420],""3"":[3720,4380,2280,2760,3600,7860],""4"":[3720,4380,5040,3600,7860]}"
49,3727336600,Asia/Seoul,32,63,9253e4399a82ad45c6a5185e99dd0fd5711ae232,2023-09-30 08:06:00,2023-09-30 11:29:00,2023-09-30,2023-09-30 08:59:17,2023-09-30 13:32:15,4320,4,1020,11460,7140,0.62,1020,0,4020,2,4,4320,65,55,81,15,11,25,120,1,20,"{""1"":[0,3240,2340,4800,480,360],""2"":[1020,2340,3480,2220,2400],""3"":[3120,2340,2400,2400,1920],""4"":[3120,2340,4800,480,240,1200]}"
50,3729761377,Asia/Seoul,32,63,9253e4399a82ad45c6a5185e99dd0fd5711ae232,2023-10-01 10:38:00,2023-10-01 13:52:00,2023-10-01,2023-10-01 11:53:29,2023-10-01 15:55:15,1620,2,2760,10980,9360,0.85,540,0,1740,3,4,3180,66,57,75,14,11,27,420,1,20,"{""1"":[0,4500,960,4200,420],""2"":[540,4920,4740],""3"":[4380,5160,2100],""4"":[4380,780,4380,420,1680]}"
51,3731989066,Asia/Seoul,32,63,9253e4399a82ad45c6a5185e99dd0fd5711ae232,2023-10-02 08:14:00,2023-10-02 12:15:00,2023-10-02,2023-10-02 10:40:09,2023-10-02 14:18:14,1560,3,600,14040,12480,0.89,960,0,1020,0,2,6060,64,57,75,14,11,18,2520,2,23,"{""1"":[0,8760,3000],""2"":[960,7800,3240,1800],""3"":[8640,2820,1980,1020],""4"":[8640,2820,3000]}"
52,3732419745,Asia/Seoul,32,63,9253e4399a82ad45c6a5185e99dd0fd5711ae232,2023-10-02 14:57:00,2023-10-02 16:32:00,2023-10-02,2023-10-02 15:37:14,2023-10-02 18:36:13,1080,1,1140,5400,4320,0.8,1080,0,300,1,1,3180,82,74,92,17,11,22,0,0,20,"{""1"":[0,2640],""2"":[1080,1560],""3"":[2340,3360],""4"":[2340,3360]}"
53,3734135970,Asia/Seoul,32,63,9253e4399a82ad45c6a5185e99dd0fd5711ae232,2023-10-03 06:57:00,2023-10-03 12:20:00,2023-10-03,2023-10-03 08:47:17,2023-10-03 14:24:27,1740,3,540,17160,15420,0.9,960,0,3000,1,3,9060,61,50,79,15,12,25,3060,4,24,"{""1"":[0,6660,4860,1200,4080],""2"":[960,5700,6300,4020],""3"":[6540,4140,5700,3000],""4"":[6540,4140,1200,4500,3000]}"
54,3736342786,Asia/Seoul,32,63,9253e4399a82ad45c6a5185e99dd0fd5711ae232,2023-10-04 07:35:00,2023-10-04 08:56:00,2023-10-04,2023-10-04 08:58:09,2023-10-04 10:59:15,1260,0,0,4860,3600,0.74,1260,0,0,0,0,1320,63,59,70,14,13,15,1440,2,20,"{""1"":[0],""2"":[1260],""3"":[4860],""4"":[4860]}"
55,3736621846,Asia/Seoul,32,63,9253e4399a82ad45c6a5185e99dd0fd5711ae232,2023-10-04 12:28:00,2023-10-04 15:29:00,2023-10-04,2023-10-04 13:44:16,2023-10-04 17:32:15,840,2,2700,10380,9540,0.92,840,0,480,2,1,1560,67,55,81,16,11,21,0,0,20,"{""1"":[0,4920,600],""2"":[840,4080,600],""3"":[4500,960,5400],""4"":[4500,960,5400]}"
56,3738484940,Asia/Seoul,32,63,9253e4399a82ad45c6a5185e99dd0fd5711ae232,2023-10-05 06:36:00,2023-10-05 08:33:00,2023-10-05,2023-10-05 07:54:13,2023-10-05 10:36:12,960,1,60,5820,4860,0.84,660,0,1500,1,1,900,63,57,66,15,13,16,0,0,20,"{""1"":[0,5820],""2"":[660,5460],""3"":[4620,2400],""4"":[4620,2400]}"
57,3738661405,Asia/Seoul,32,63,9253e4399a82ad45c6a5185e99dd0fd5711ae232,2023-10-05 11:07:00,2023-10-05 11:28:00,2023-10-05,2023-10-05 11:29:12,2023-10-05 13:31:12,240,0,0,1260,1020,0.81,240,0,0,0,0,1020,58,55,58,13,12,14,0,0,20,"{""1"":[0],""2"":[240],""3"":[1260],""4"":[1260]}"
58,3740675704,Asia/Seoul,32,63,9253e4399a82ad45c6a5185e99dd0fd5711ae232,2023-10-06 07:16:00,2023-10-06 16:16:00,2023-10-06,2023-10-06 08:34:21,2023-10-06 18:19:17,6960,7,7560,25320,18360,0.73,1440,0,12600,5,11,3720,73,62,80,16,12,24,1380,4,35,"{""1"":[0,5160,3120,3180,1500,2460,5040,1380,360,240],""2"":[1440,3720,3660,6240,480,7860],""3"":[4560,2400,3060,5280,4440],""4"":[4560,2400,3060,2040,3240,4440,1080,1200,240],""0"":[24480]}"
59,3742739194,Asia/Seoul,32,63,9253e4399a82ad45c6a5185e99dd0fd5711ae232,2023-10-07 07:03:00,2023-10-07 12:16:00,2023-10-07,2023-10-07 07:43:15,2023-10-07 14:20:26,4140,5,1380,16260,12120,0.75,1260,0,5400,1,7,1980,62,57,70,14,12,17,0,0,20,"{""1"":[0,2400,2700,4020,1320,1380,1500,4860,540],""2"":[1260,1140,2700,4020,5100,4500],""3"":[2340,2700,3840,1140,7860,900],""4"":[2340,2700,3840,1140,720,2340,4800,720,180]}"
60,3744709448,Asia/Seoul,32,63,9253e4399a82ad45c6a5185e99dd0fd5711ae232,2023-10-08 00:58:00,2023-10-08 09:00:00,2023-10-08,2023-10-08 05:46:19,2023-10-08 11:03:13,3660,5,960,28620,24960,0.87,1140,600,2220,1,1,20460,82,74,99,14,11,19,360,2,64,"{""1"":[0,17520],""2"":[1140,14460,2100,1320,2820,1020],""3"":[15180,2040,1380,2820,960,5940],""4"":[17220,11700]}"
61,3745223249,Asia/Seoul,32,63,9253e4399a82ad45c6a5185e99dd0fd5711ae232,2023-10-08 14:16:00,2023-10-08 14:47:00,2023-10-08,2023-10-08 14:48:15,2023-10-08 16:50:13,1020,0,0,1860,840,0.45,1020,0,0,0,0,180,61,59,61,14,13,15,0,0,20,"{""1"":[0],""2"":[1020],""3"":[1860],""4"":[1860]}"
62,3747119588,Asia/Seoul,32,63,9253e4399a82ad45c6a5185e99dd0fd5711ae232,2023-10-09 09:24:00,2023-10-09 15:06:00,2023-10-09,2023-10-09 10:17:14,2023-10-09 17:09:14,2340,5,3120,19620,17280,0.88,2100,0,1140,4,4,11520,61,49,73,14,8,19,840,3,22,"{""1"":[0,3300,3240,3000,3960,360],""2"":[2100,1260,3180,3180,3780,360],""3"":[3120,3240,3060,3900,300,6900],""4"":[3120,3240,3060,3900,300,6900]}"
63,3749012007,Asia/Seoul,32,63,9253e4399a82ad45c6a5185e99dd0fd5711ae232,2023-10-10 05:44:00,2023-10-10 08:21:00,2023-10-10,2023-10-10 06:31:23,2023-10-10 10:24:16,2340,5,0,8280,5940,0.72,1560,0,1920,0,5,5100,81,73,96,16,13,19,0,0,20,"{""1"":[0,2880,1020,180,1140,1680],""2"":[1560,1500,1020,1140,1860,1080],""3"":[2760,840,1200,1920,1080,1620],""4"":[2760,840,360,840,1920,2700]}"
64,3750831413,Asia/Seoul,32,63,9253e4399a82ad45c6a5185e99dd0fd5711ae232,2023-10-11 02:42:00,2023-10-11 06:31:00,2023-10-11,2023-10-11 03:40:15,2023-10-11 16:17:13,1680,3,1860,12540,10860,0.87,1020,0,1860,1,3,4140,83,75,94,17,12,24,2520,5,20,"{""1"":[0,3540,7500,2220],""2"":[1020,2640,7920,1680],""3"":[3420,6900,2580,840],""4"":[3420,6900,2580,840]}"
65,3751516977,Asia/Seoul,32,63,9253e4399a82ad45c6a5185e99dd0fd5711ae232,2023-10-11 12:02:00,2023-10-11 16:16:00,2023-10-11,2023-10-11 13:42:21,2023-10-11 18:19:15,3420,4,2880,13380,9960,0.74,2220,0,3060,4,6,3600,66,54,76,15,12,19,0,0,20,"{""1"":[0,6120,960,1260,3780,420,1260],""2"":[2220,5460,660,4200,1260],""3"":[5880,2100,3780,1920,1560],""4"":[5880,540,1560,3780,660,1260,1560]}"
66,3753355171,Asia/Seoul,32,63,9253e4399a82ad45c6a5185e99dd0fd5711ae232,2023-10-12 07:11:00,2023-10-12 11:59:00,2023-10-12,2023-10-12 08:42:14,2023-10-12 14:02:12,1140,5,1920,15120,13980,0.92,660,0,2640,2,5,7380,82,40,95,18,14,23,300,2,22,"{""1"":[0,5460,180,960,540,1140,1500],""2"":[660,4800,240,1440,1140,1620],""3"":[5400,120,780,1440,1140,8400],""4"":[5400,120,780,600,840,1140,8400]}"
67,3755470199,Asia/Seoul,32,63,9253e4399a82ad45c6a5185e99dd0fd5711ae232,2023-10-13 02:11:00,2023-10-13 11:40:00,2023-10-13,2023-10-13 09:24:16,2023-10-13 13:43:14,1740,2,7560,33960,32220,0.95,1380,0,540,4,1,16140,60,48,75,14,11,22,360,1,93,"{""1"":[0,26040],""2"":[1380,15120,9540],""3"":[16140,9720,8280],""4"":[25860,8280]}"
68,3757639188,Asia/Seoul,32,63,9253e4399a82ad45c6a5185e99dd0fd5711ae232,2023-10-14 09:36:00,2023-10-14 14:31:00,2023-10-14,2023-10-14 12:33:40,2023-10-14 16:34:14,2460,6,2220,16740,14280,0.85,720,0,2700,0,6,8100,64,53,75,15,11,19,0,0,20,"{""1"":[0,10860,120,1620,180,2160,480],""2"":[720,10260,1620,1140,1200,540,1140],""3"":[10500,1920,240,2160,480,660,1740],""4"":[10500,420,1500,240,2160,480,2400]}"
69,3759074540,Asia/Seoul,32,63,9253e4399a82ad45c6a5185e99dd0fd5711ae232,2023-10-15 01:53:00,2023-10-15 06:15:00,2023-10-15,2023-10-15 03:30:06,2023-10-15 08:18:15,1740,2,0,15540,13800,0.89,960,0,960,0,0,8040,89,76,100,18,13,22,0,0,20,"{""1"":[0,5820],""2"":[960,4980,3240],""3"":[5640,2880,7200],""4"":[5640,10080]}"
70,3760892278,Asia/Seoul,32,63,9253e4399a82ad45c6a5185e99dd0fd5711ae232,2023-10-16 00:36:00,2023-10-16 04:06:00,2023-10-16,2023-10-16 01:35:14,2023-10-16 16:23:13,1500,1,3480,11820,10320,0.87,420,0,1860,2,2,2280,82,75,88,18,14,23,0,0,20,"{""1"":[0,3600,1080,480],""2"":[420,4920],""3"":[3480,9120],""4"":[3480,720,780,7620]}"
71,3761638206,Asia/Seoul,32,63,9253e4399a82ad45c6a5185e99dd0fd5711ae232,2023-10-16 11:39:00,2023-10-16 16:22:00,2023-10-16,2023-10-16 11:59:13,2023-10-16 18:26:07,1980,4,6420,15900,13920,0.88,480,840,1740,3,4,5160,70,61,80,16,12,21,0,0,21,"{""1"":[0,1380,2100,420,5160,1560],""2"":[480,1020,2640,4980,1500],""3"":[1080,2220,5580,1500,5760],""4"":[1080,2220,420,5160,1500,6600]}"
72,3763785372,Asia/Seoul,32,63,9253e4399a82ad45c6a5185e99dd0fd5711ae232,2023-10-17 11:03:00,2023-10-17 16:48:00,2023-10-17,2023-10-17 13:11:59,2023-10-17 18:51:11,1740,5,4320,20220,18480,0.91,660,0,1560,2,2,9060,64,51,79,15,11,25,0,0,49,"{""1"":[0,7740,1500,6420],""2"":[660,7080,1560,6480,1260,840],""3"":[7620,1380,6540,1080,780,3300],""4"":[7620,1380,6540,5160]}"
73,3765848041,Asia/Seoul,32,63,9253e4399a82ad45c6a5185e99dd0fd5711ae232,2023-10-18 12:11:00,2023-10-18 13:41:00,2023-10-18,2023-10-18 12:42:13,2023-10-18 15:44:15,900,1,720,4080,3180,0.78,480,0,1740,1,1,2460,53,43,65,14,11,19,0,0,20,"{""1"":[0,3120],""2"":[480,3060],""3"":[1800,3600],""4"":[1800,3600]}"
74,3767662622,Asia/Seoul,32,63,9253e4399a82ad45c6a5185e99dd0fd5711ae232,2023-10-19 06:46:00,2023-10-19 14:32:00,2023-10-19,2023-10-19 07:37:15,2023-10-19 16:35:15,780,1,6300,27840,27060,0.97,780,0,120,3,0,14160,60,48,88,14,11,24,0,0,87,"{""1"":[0,3120],""2"":[780,2340],""3"":[3000,24960],""4"":[3000,24960]}"
75,3771673159,Asia/Seoul,32,63,9253e4399a82ad45c6a5185e99dd0fd5711ae232,2023-10-21 07:18:00,2023-10-21 13:15:00,2023-10-21,2023-10-21 08:41:14,2023-10-21 15:18:16,1740,4,5580,20820,19080,0.92,1380,0,960,4,4,6480,64,53,71,14,12,24,300,1,48,"{""1"":[0,5040,10800,1440,3540],""2"":[1380,3720,11040,1140,3540],""3"":[4920,10680,1560,3540,720],""4"":[4920,10680,1560,3540,720]}"
76,3776083343,Asia/Seoul,32,63,9253e4399a82ad45c6a5185e99dd0fd5711ae232,2023-10-23 07:18:00,2023-10-23 15:26:00,2023-10-23,2023-10-23 15:27:45,2023-10-23 17:29:13,3480,2,5760,29280,25800,0.88,1080,720,1680,4,0,14580,63,52,72,15,12,20,0,0,83,"{""1"":[0],""2"":[1080,7680,15660],""3"":[8400,14700,5460],""4"":[29280]}"
77,3777635318,Asia/Seoul,32,63,9253e4399a82ad45c6a5185e99dd0fd5711ae232,2023-10-24 06:06:00,2023-10-24 12:41:00,2023-10-24,2023-10-24 08:00:15,2023-10-24 14:44:13,3540,3,1980,22680,19140,0.84,3360,0,1200,4,3,11520,62,51,77,15,11,21,0,0,37,"{""1"":[0,7380,4020,9180],""2"":[3360,4020,4200,9000],""3"":[6780,4440,9120,3360],""4"":[6780,4440,9120,3360]}"
78,3782052856,Asia/Seoul,32,63,9253e4399a82ad45c6a5185e99dd0fd5711ae232,2023-10-26 11:06:00,2023-10-26 15:21:00,2023-10-26,2023-10-26 14:07:37,2023-10-26 17:24:15,1200,1,4380,15060,13860,0.92,540,0,900,3,1,4740,76,69,87,16,12,25,0,0,20,"{""1"":[0,10980],""2"":[540,10440],""3"":[10080,5220],""4"":[10740,4560]}"
79,3783420356,Asia/Seoul,32,63,9253e4399a82ad45c6a5185e99dd0fd5711ae232,2023-10-27 03:48:00,2023-10-27 06:55:00,2023-10-27,2023-10-27 04:17:58,2023-10-27 08:58:12,2640,3,0,10680,8040,0.75,780,1320,1080,0,2,5340,85,78,100,17,14,21,540,2,20,"{""1"":[0,1740,6000,1200],""2"":[780,1020,6300,960],""3"":[1620,6000,1020,1260],""4"":[1620,6000,1020,2580]}"
80,3784110083,Asia/Seoul,32,63,9253e4399a82ad45c6a5185e99dd0fd5711ae232,2023-10-27 13:50:00,2023-10-27 14:37:00,2023-10-27,2023-10-27 14:39:26,2023-10-27 16:40:13,1140,0,0,2820,1680,0.6,1140,0,0,0,0,60,71,66,75,14,12,16,660,1,20,"{""1"":[0],""2"":[1140],""3"":[2820],""4"":[2820]}"
81,3785846044,Asia/Seoul,32,63,9253e4399a82ad45c6a5185e99dd0fd5711ae232,2023-10-28 09:05:00,2023-10-28 13:13:00,2023-10-28,2023-10-28 12:17:13,2023-10-28 15:16:10,4740,2,360,14280,9540,0.67,2700,1080,1560,1,1,7620,78,69,87,15,11,18,0,0,20,"{""1"":[0,12000],""2"":[2700,9660,960],""3"":[11400,1320,1080],""4"":[11400,3480]}"
82,3789806871,Asia/Seoul,32,63,9253e4399a82ad45c6a5185e99dd0fd5711ae232,2023-10-30 08:09:00,2023-10-30 13:05:00,2023-10-30,2023-10-30 09:14:13,2023-10-30 15:08:14,1680,4,4920,16980,15300,0.9,1140,0,1320,1,3,4920,75,68,88,16,13,21,1380,1,24,"{""1"":[0,4380,6360,5820],""2"":[1140,3360,6240,4620,1260],""3"":[3840,6780,4380,1440,1320],""4"":[3840,6780,5820,1320]}"
83,3791831825,Asia/Seoul,32,63,9253e4399a82ad45c6a5185e99dd0fd5711ae232,2023-10-31 06:26:00,2023-10-31 13:13:00,2023-10-31,2023-10-31 09:26:01,2023-10-31 15:16:14,1320,3,4620,24000,22680,0.95,1080,0,660,4,3,12060,74,60,88,16,12,24,120,1,66,"{""1"":[0,10800,7260,4860],""2"":[1080,9720,7440,4740],""3"":[10680,7260,4800,1680],""4"":[10680,7260,4800,1680]}"
84,3794094504,Asia/Seoul,32,63,9253e4399a82ad45c6a5185e99dd0fd5711ae232,2023-11-01 13:05:00,2023-11-01 15:59:00,2023-11-01,2023-11-01 15:34:20,2023-11-01 18:02:12,2940,1,3660,10320,7380,0.72,2100,780,180,1,1,3720,84,75,94,16,13,22,0,0,20,"{""1"":[0,9000],""2"":[2100,6960],""3"":[8880,780],""4"":[8880,1560]}"
85,3795603400,Asia/Seoul,32,63,9253e4399a82ad45c6a5185e99dd0fd5711ae232,2023-11-02 06:27:00,2023-11-02 12:54:00,2023-11-02,2023-11-02 07:04:13,2023-11-02 14:57:12,2880,4,4020,21900,19020,0.87,1020,0,3180,2,3,9240,65,51,77,14,11,19,2100,2,42,"{""1"":[0,2280,1740,7080,7080],""2"":[1020,1260,1740,8880,5340],""3"":[2160,1680,6360,7860,5160],""4"":[2160,1680,6360,7860,5160]}"
86,3797587640,Asia/Seoul,32,63,9253e4399a82ad45c6a5185e99dd0fd5711ae232,2023-11-03 07:36:00,2023-11-03 11:56:00,2023-11-03,2023-11-03 08:31:15,2023-11-03 13:59:13,2880,5,1500,9600,6720,0.7,660,0,8220,1,10,2400,78,70,84,18,13,25,0,0,20,"{""1"":[0,3840,2400,900,1440,660,300,360,600,2700],""2"":[660,3180,3840,1560,1320],""3"":[3240,1200,3780,1080,3240],""4"":[3240,1200,1860,1920,780,300,420,240,2580,720],""0"":[13620]}"
87,3799377558,Asia/Seoul,32,63,9253e4399a82ad45c6a5185e99dd0fd5711ae232,2023-11-04 06:36:00,2023-11-04 08:09:00,2023-11-04,2023-11-04 07:08:15,2023-11-04 10:12:12,1500,2,2040,4560,3060,0.67,1500,0,1020,2,2,1020,70,63,89,15,13,25,0,0,20,"{""1"":[0,2280,1260],""2"":[1500,780,1260],""3"":[1860,1080,2640],""4"":[1860,1080,2640]}"
88,3802746194,Asia/Seoul,32,63,9253e4399a82ad45c6a5185e99dd0fd5711ae232,2023-11-06 01:40:00,2023-11-06 02:48:00,2023-11-06,2023-11-06 02:18:12,2023-11-06 04:52:13,1500,1,0,3960,2460,0.62,840,540,240,0,0,2460,92,85,102,18,14,21,0,0,20,"{""1"":[0,2340],""2"":[840,1620],""3"":[2220,1320],""4"":[2220,1860]}"
89,3803341778,Asia/Seoul,32,63,9253e4399a82ad45c6a5185e99dd0fd5711ae232,2023-11-06 07:12:00,2023-11-06 15:49:00,2023-11-06,2023-11-06 09:32:20,2023-11-06 17:53:10,12840,7,3720,27600,14760,0.53,5700,0,10560,2,9,7020,63,47,80,15,10,19,660,2,20,"{""1"":[0,8520,180,1560,3240,7980,360,1260,2700],""2"":[5700,2820,180,1620,3900,7260],""3"":[8340,240,1560,2220,8940,240],""4"":[8340,240,1560,2220,8940,240,840,2880,2280],""0"":[27660]}"
90,3805082487,Asia/Seoul,32,63,9253e4399a82ad45c6a5185e99dd0fd5711ae232,2023-11-07 05:29:00,2023-11-07 11:18:00,2023-11-07,2023-11-07 05:57:13,2023-11-07 13:21:13,4680,7,0,14760,10080,0.68,900,0,9960,0,11,8100,89,57,98,17,11,24,840,4,20,"{""1"":[0,1860,3060,900,1440,2580,300,2280,2580,1860],""2"":[900,1080,5880,2820,2220,4680],""3"":[1620,3060,4440,2940,2220],""4"":[1620,3060,660,840,2940,780,2160,2220,1020],""0"":[18420]}"
91,3807136678,Asia/Seoul,32,63,9253e4399a82ad45c6a5185e99dd0fd5711ae232,2023-11-08 05:38:00,2023-11-08 13:00:00,2023-11-08,2023-11-08 06:32:14,2023-11-08 15:03:12,5400,6,2040,20820,15420,0.74,600,0,10500,3,9,4680,76,68,85,16,13,23,4140,3,28,"{""1"":[0,3300,600,4140,1860,6120,360,1920,2520],""2"":[600,2700,660,4140,1920,9300],""3"":[3180,600,4020,1980,5100,4680],""4"":[3180,600,4020,1980,5100,1260,1500,1920,1980],""0"":[22200]}"
92,3809263999,Asia/Seoul,32,63,9253e4399a82ad45c6a5185e99dd0fd5711ae232,2023-11-09 06:24:00,2023-11-09 11:30:00,2023-11-09,2023-11-09 08:17:15,2023-11-09 13:33:11,2820,4,2460,17280,14460,0.84,720,0,3180,2,3,5340,66,60,76,16,9,28,1500,1,24,"{""1"":[0,6840,3000,4080],""2"":[720,6180,2940,420,5340],""3"":[6720,3000,180,3180,5280],""4"":[6720,3000,3360,5280]}"
93,3811296947,Asia/Seoul,32,63,9253e4399a82ad45c6a5185e99dd0fd5711ae232,2023-11-10 08:56:00,2023-11-10 14:57:00,2023-11-10,2023-11-10 10:09:12,2023-11-10 17:01:17,840,3,6120,20640,19800,0.96,600,0,1260,3,3,9600,75,67,92,16,12,24,4260,11,51,"{""1"":[0,4740,10260,1320],""2"":[600,4140,10500,1080],""3"":[4260,10500,1260,5640],""4"":[4260,10500,1260,5640]}"
94,3813208655,Asia/Seoul,32,63,9253e4399a82ad45c6a5185e99dd0fd5711ae232,2023-11-11 07:45:00,2023-11-11 13:16:00,2023-11-11,2023-11-11 10:24:18,2023-11-11 15:19:13,4200,1,2220,15900,11700,0.74,480,0,7680,1,5,2400,69,61,73,14,11,17,3000,5,20,"{""1"":[0,11580,600,1260,300,1560,1020],""2"":[480,16680],""3"":[9480,10380],""4"":[9480,2340,960,720,1500,1020,3840]}"
95,3815399110,Asia/Seoul,32,63,9253e4399a82ad45c6a5185e99dd0fd5711ae232,2023-11-12 08:07:00,2023-11-12 16:23:00,2023-11-12,2023-11-12 16:24:15,2023-11-12 18:26:17,3060,2,7920,29760,26700,0.9,1920,0,1140,6,0,10500,66,59,83,14,9,20,10020,14,81,"{""1"":[0],""2"":[1920,23400,1680],""3"":[24900,1380,3480],""4"":[29760]}"
96,3817070185,Asia/Seoul,32,63,9253e4399a82ad45c6a5185e99dd0fd5711ae232,2023-11-13 07:43:00,2023-11-13 15:55:00,2023-11-13,2023-11-13 12:03:24,2023-11-13 17:58:14,3480,2,7680,29400,25920,0.88,720,1560,1320,3,1,11820,63,51,77,14,9,20,120,1,82,"{""1"":[0,15660],""2"":[720,14940,1380],""3"":[15540,300,12120],""4"":[15540,13980]}"
97,3818873867,Asia/Seoul,32,63,9253e4399a82ad45c6a5185e99dd0fd5711ae232,2023-11-14 08:14:00,2023-11-14 14:18:00,2023-11-14,2023-11-14 08:46:15,2023-11-14 16:21:15,2160,5,5760,21240,19080,0.9,660,720,1380,4,3,5520,64,56,74,14,11,20,0,0,50,"{""1"":[0,2040,2940,9360,2400],""2"":[660,1440,2880,9540,2280,3600],""3"":[1860,3000,9300,2460,3300,1200],""4"":[1860,3000,9300,2460,5220]}"
98,3820674258,Asia/Seoul,32,63,9253e4399a82ad45c6a5185e99dd0fd5711ae232,2023-11-15 06:15:00,2023-11-15 10:51:00,2023-11-15,2023-11-15 07:07:14,2023-11-15 13:04:10,2940,3,720,16200,13260,0.82,720,660,1920,2,1,8220,91,73,98,16,12,22,2340,2,20,"{""1"":[0,3300,10020],""2"":[720,3540,8100,1140],""3"":[3060,8880,1260,2700],""4"":[3060,10140,3360]}"
99,3822628406,Asia/Seoul,32,63,9253e4399a82ad45c6a5185e99dd0fd5711ae232,2023-11-16 05:41:00,2023-11-16 10:00:00,2023-11-16,2023-11-16 07:06:01,2023-11-16 12:03:10,1140,1,4500,15300,14160,0.93,1140,0,240,2,1,3240,66,58,75,15,10,21,0,0,21,"{""1"":[0,5220],""2"":[1140,4080],""3"":[4980,10560],""4"":[4980,10560]}"
100,3824740641,Asia/Seoul,32,63,9253e4399a82ad45c6a5185e99dd0fd5711ae232,2023-11-17 09:09:00,2023-11-17 15:17:00,2023-11-17,2023-11-17 10:19:24,2023-11-17 17:20:13,7560,2,1920,15240,7680,0.5,720,0,13680,2,5,240,75,68,82,17,13,22,720,2,20,"{""1"":[0,5040,5640,1020,3180,780],""2"":[720,4980,15180],""3"":[4080,4740,13260],""4"":[4080,4740,2160,1140,3000,6960]}"
101,3826535231,Asia/Seoul,32,63,9253e4399a82ad45c6a5185e99dd0fd5711ae232,2023-11-18 06:50:00,2023-11-18 13:22:00,2023-11-18,2023-11-18 08:22:26,2023-11-18 15:25:13,3420,3,4500,18840,15420,0.82,1020,540,6540,3,2,1920,70,60,78,14,11,18,2820,5,26,"{""1"":[0,5580,6900,9420],""2"":[1020,4620,8640,7620],""3"":[5460,2700,13500,1320],""4"":[5460,2700,13500,1860]}"
102,3828189105,Asia/Seoul,32,63,9253e4399a82ad45c6a5185e99dd0fd5711ae232,2023-11-19 02:27:00,2023-11-19 10:06:00,2023-11-19,2023-11-19 05:07:15,2023-11-19 12:09:15,4320,6,0,21900,17580,0.8,900,0,9060,0,11,9720,85,66,100,14,12,17,0,0,27,"{""1"":[0,10020,3960,1200,600,1560,240,2340,1260,540],""2"":[900,9120,4020,3900,1980],""3"":[9540,4080,1020,4980,360],""4"":[9540,4080,1020,960,780,1020,2220,360,1260,1620],""0"":[23400]}"
103,3830010415,Asia/Seoul,32,63,9253e4399a82ad45c6a5185e99dd0fd5711ae232,2023-11-20 00:45:00,2023-11-20 09:26:00,2023-11-20,2023-11-20 04:09:18,2023-11-20 11:29:13,1740,5,4320,26940,25200,0.94,1020,0,5040,6,5,12960,59,52,69,19,10,27,0,0,75,"{""1"":[0,15660,1320,2340,1500,1620],""2"":[1020,15060,900,2400,1680,1380],""3"":[12180,4620,2400,1500,1320,9240],""4"":[12180,4620,2400,1500,1320,9240]}"
104,3832217704,Asia/Seoul,32,63,9253e4399a82ad45c6a5185e99dd0fd5711ae232,2023-11-21 05:10:00,2023-11-21 10:24:00,2023-11-21,2023-11-21 07:02:06,2023-11-21 12:27:13,2520,5,3360,16800,14280,0.85,1500,0,3060,4,6,3540,61,51,68,14,10,18,2880,2,21,"{""1"":[0,7440,660,5700,1920,1980,1020],""2"":[1500,6960,5400,1860,1980,1020],""3"":[6600,6900,2100,1500,1500,240],""4"":[6600,1440,5460,2100,1500,1500,240]}"
105,3834161334,Asia/Seoul,32,63,9253e4399a82ad45c6a5185e99dd0fd5711ae232,2023-11-22 05:50:00,2023-11-22 11:14:00,2023-11-22,2023-11-22 07:09:17,2023-11-22 13:18:10,2700,4,4260,19080,16380,0.86,1500,0,1560,3,2,8220,64,52,76,15,10,19,180,1,35,"{""1"":[0,4800,5400],""2"":[1500,3540,5220,1200,5520],""3"":[4620,5400,900,5700,2820],""4"":[4620,5400,9420]}"
106,3836025228,Asia/Seoul,32,63,9253e4399a82ad45c6a5185e99dd0fd5711ae232,2023-11-23 05:46:00,2023-11-23 06:43:00,2023-11-23,2023-11-23 06:44:13,2023-11-23 08:47:11,720,0,0,3420,2700,0.79,720,0,0,0,0,300,84,82,88,18,15,20,840,2,20,"{""1"":[0],""2"":[720],""3"":[3420],""4"":[3420]}"
107,3836231728,Asia/Seoul,32,63,9253e4399a82ad45c6a5185e99dd0fd5711ae232,2023-11-23 09:06:00,2023-11-23 13:00:00,2023-11-23,2023-11-23 10:13:15,2023-11-23 15:04:01,1380,5,4020,13320,11940,0.9,660,0,1440,3,4,4740,76,70,87,15,12,22,540,3,20,"{""1"":[0,4140,2340,2820,2220],""2"":[660,3540,2400,2700,2400,780],""3"":[3960,2400,2880,1920,960,1920],""4"":[3960,2400,2880,1920,2880]}"
108,3838110879,Asia/Seoul,32,63,9253e4399a82ad45c6a5185e99dd0fd5711ae232,2023-11-24 09:09:00,2023-11-24 11:41:00,2023-11-24,2023-11-24 10:26:08,2023-11-24 13:44:12,720,1,3420,8040,7320,0.91,600,0,1200,2,2,420,78,72,82,16,10,20,0,0,20,"{""1"":[0,4980,720],""2"":[600,5100],""3"":[4500,4620],""4"":[4500,600,4020]}"
109,3838348611,Asia/Seoul,32,63,9253e4399a82ad45c6a5185e99dd0fd5711ae232,2023-11-24 14:42:00,2023-11-24 15:00:00,2023-11-24,2023-11-24 15:01:17,2023-11-24 17:04:05,660,0,0,1080,420,0.39,660,0,0,0,0,420,79,77,80,15,14,15,0,0,20,"{""1"":[0],""2"":[660],""3"":[1080],""4"":[1080]}"
110,3839756427,Asia/Seoul,32,63,9253e4399a82ad45c6a5185e99dd0fd5711ae232,2023-11-25 03:49:00,2023-11-25 13:27:00,2023-11-25,2023-11-25 07:16:17,2023-11-25 15:30:14,4920,6,4800,31500,26580,0.84,2400,1020,4680,7,7,9300,71,63,85,15,12,21,3000,7,71,"{""1"":[0,12600,6540,6120,5400,180,2160,360],""2"":[2400,10200,6540,6120,7020,720,360],""3"":[12360,6060,6240,4980,3120,360,540],""4"":[12360,6060,6240,4980,1080,2040,360,1560]}"
111,3841707949,Asia/Seoul,32,63,9253e4399a82ad45c6a5185e99dd0fd5711ae232,2023-11-26 07:05:00,2023-11-26 08:59:00,2023-11-26,2023-11-26 08:56:16,2023-11-26 11:02:16,2940,1,0,6660,3720,0.56,2940,0,180,0,1,480,91,84,96,16,14,18,180,1,20,"{""1"":[0,6780],""2"":[2940,3840],""3"":[6600,240],""4"":[6600,240]}"
112,3843680444,Asia/Seoul,32,63,9253e4399a82ad45c6a5185e99dd0fd5711ae232,2023-11-27 05:16:00,2023-11-27 13:19:00,2023-11-27,2023-11-27 11:12:18,2023-11-27 15:22:12,3300,3,6180,28560,25260,0.88,660,1260,1800,4,1,12660,66,59,83,15,11,23,420,2,83,"{""1"":[0,21720],""2"":[660,18900,1020,1200],""3"":[18600,1620,1080,6420],""4"":[21300,7680]}"
113,3845276203,Asia/Seoul,32,63,9253e4399a82ad45c6a5185e99dd0fd5711ae232,2023-11-28 04:58:00,2023-11-28 12:38:00,2023-11-28,2023-11-28 06:08:14,2023-11-28 14:41:15,8100,7,1980,22020,13920,0.63,1920,0,11760,4,12,6780,64,57,75,15,12,17,0,0,20,"{""1"":[0,4980,1020,1200,480,10260,2940,900,480],""2"":[1920,7920,4320,4320,2400,900],""3"":[4140,9660,2880,4080,900,180],""4"":[4140,1200,1140,1080,9120,4080,900,180,480],""0"":[22740]}"
114,3847647304,Asia/Seoul,32,63,9253e4399a82ad45c6a5185e99dd0fd5711ae232,2023-11-29 12:04:00,2023-11-29 14:23:00,2023-11-29,2023-11-29 14:25:46,2023-11-29 16:26:16,6480,0,0,8340,1860,0.22,6480,0,0,0,0,720,75,73,79,16,14,19,0,0,20,"{""1"":[0],""2"":[6480],""3"":[8340],""4"":[8340]}"
115,3849001610,Asia/Seoul,32,63,9253e4399a82ad45c6a5185e99dd0fd5711ae232,2023-11-30 04:07:00,2023-11-30 12:55:00,2023-11-30,2023-11-30 05:19:14,2023-11-30 14:58:13,3960,6,2220,27420,23460,0.86,840,0,7380,1,8,11160,83,76,99,15,11,21,2280,8,72,"{""1"":[0,4440,5160,660,5820,3720,3360,4860,2400],""2"":[840,4080,6060,5220,3660,3360,8100],""3"":[4260,4140,7500,3720,3420,4860],""4"":[4260,4140,1680,5820,3720,3420,4860,420],""0"":[31680]}"
116,3850688637,Asia/Seoul,32,63,9253e4399a82ad45c6a5185e99dd0fd5711ae232,2023-12-01 01:56:00,2023-12-01 07:12:00,2023-12-01,2023-12-01 03:04:15,2023-12-01 09:16:07,2700,6,900,16680,13980,0.84,900,0,4080,1,5,9660,79,68,93,17,13,30,780,4,20,"{""1"":[0,4140,2280,1440,5880,4260],""2"":[900,3360,2460,1560,3120,2400,4200],""3"":[4020,1080,2520,2880,3120,3900,1440],""4"":[4020,1080,2520,6000,3900,1440]}"
117,3851626854,Asia/Seoul,32,63,9253e4399a82ad45c6a5185e99dd0fd5711ae232,2023-12-01 14:40:00,2023-12-01 16:21:00,2023-12-01,2023-12-01 16:23:05,2023-12-01 18:24:12,1800,0,0,6060,4260,0.7,1140,660,0,0,0,1920,92,85,95,18,15,20,0,0,20,"{""1"":[0],""2"":[1140],""3"":[5400],""4"":[6060]}"
118,3852399333,Asia/Seoul,32,63,9253e4399a82ad45c6a5185e99dd0fd5711ae232,2023-12-02 00:06:00,2023-12-02 00:46:00,2023-12-02,2023-12-02 00:48:16,2023-12-02 02:52:11,1200,0,0,2400,1200,0.5,1200,0,0,0,0,1200,75,72,79,17,15,18,0,0,20,"{""1"":[0],""2"":[1200],""3"":[2400],""4"":[2400]}"
119,3852779202,Asia/Seoul,32,63,9253e4399a82ad45c6a5185e99dd0fd5711ae232,2023-12-02 04:15:00,2023-12-02 10:01:00,2023-12-02,2023-12-02 05:12:17,2023-12-02 12:04:13,1320,4,3900,19860,18540,0.93,1320,0,900,5,3,5640,64,56,73,15,11,28,1620,2,42,"{""1"":[0,3480,420,2220,12540],""2"":[1320,2160,420,2220,12540],""3"":[3360,300,2340,12240,2520],""4"":[3360,300,2340,12240,2520]}"
120,3854855880,Asia/Seoul,32,63,9253e4399a82ad45c6a5185e99dd0fd5711ae232,2023-12-03 07:14:00,2023-12-03 10:03:00,2023-12-03,2023-12-03 08:07:44,2023-12-03 12:27:12,1920,3,2160,8520,6600,0.77,780,0,2760,3,3,2700,63,58,69,15,12,21,360,1,20,"{""1"":[0,3120,2580,2040],""2"":[780,2460,2460,3060],""3"":[3060,2040,1680,3360],""4"":[3060,2040,1680,3360]}"
121,3856732967,Asia/Seoul,32,63,9253e4399a82ad45c6a5185e99dd0fd5711ae232,2023-12-04 07:21:00,2023-12-04 13:56:00,2023-12-04,2023-12-04 08:13:12,2023-12-04 15:59:13,5160,3,3600,23580,18420,0.78,2580,1500,1200,1,1,9120,62,54,72,14,11,20,0,0,30,"{""1"":[0,3120],""2"":[2580,600,16560,2040],""3"":[3000,16200,2100,900],""4"":[3000,20700]}"
122,3858539892,Asia/Seoul,32,63,9253e4399a82ad45c6a5185e99dd0fd5711ae232,2023-12-05 05:58:00,2023-12-05 13:01:00,2023-12-05,2023-12-05 07:12:14,2023-12-05 15:04:13,1620,4,6660,24900,23280,0.93,900,0,1200,6,4,6000,70,61,82,16,12,23,360,2,69,"{""1"":[0,4500,840,1620,300,17940],""2"":[900,4440,1620,300,17940],""3"":[4380,2520,300,17880,300],""4"":[4380,840,1680,300,17880,300]}"
123,3860418655,Asia/Seoul,32,63,9253e4399a82ad45c6a5185e99dd0fd5711ae232,2023-12-06 06:07:00,2023-12-06 12:40:00,2023-12-06,2023-12-06 07:12:13,2023-12-06 14:43:15,1140,2,5220,22920,21780,0.95,1140,0,660,2,1,9780,64,50,79,15,11,20,600,1,63,"{""1"":[0,3900,12960],""2"":[1140,2760,12960],""3"":[3840,12420,7320],""4"":[3840,12420,7320]}"
124,3862525621,Asia/Seoul,32,63,9253e4399a82ad45c6a5185e99dd0fd5711ae232,2023-12-07 05:47:00,2023-12-07 10:45:00,2023-12-07,2023-12-07 10:47:18,2023-12-07 12:48:12,7560,2,1320,17880,10320,0.58,5820,720,1020,1,0,4440,59,51,74,15,12,19,180,1,20,"{""1"":[0],""2"":[5820,4860,1860],""3"":[10020,2160,4980],""4"":[17880]}"
125,3863840424,Asia/Seoul,32,63,9253e4399a82ad45c6a5185e99dd0fd5711ae232,2023-12-08 00:38:00,2023-12-08 02:54:00,2023-12-08,2023-12-08 02:55:16,2023-12-08 04:57:15,2640,1,120,8160,5520,0.68,2280,0,360,1,0,3000,72,66,83,16,12,18,0,0,20,"{""1"":[0],""2"":[2280,5340],""3"":[7260,900],""4"":[8160]}"
126,3864518600,Asia/Seoul,32,63,9253e4399a82ad45c6a5185e99dd0fd5711ae232,2023-12-08 11:28:00,2023-12-08 14:49:00,2023-12-08,2023-12-08 12:14:34,2023-12-08 16:52:12,4980,2,180,10980,6000,0.55,2220,720,3120,1,1,4260,66,57,81,15,11,19,0,0,20,"{""1"":[0,3540,6840],""2"":[2220,1740,6420],""3"":[2640,5940,2760],""4"":[2640,7560,1860]}"
127,3866163394,Asia/Seoul,32,63,9253e4399a82ad45c6a5185e99dd0fd5711ae232,2023-12-09 05:24:00,2023-12-09 11:28:00,2023-12-09,2023-12-09 06:11:15,2023-12-09 13:31:15,2220,5,4680,21240,19020,0.9,1620,0,1200,3,4,9600,65,55,89,14,9,19,1800,5,46,"{""1"":[0,2880,1140,5700,6300],""2"":[1620,1320,1140,5640,6360,1140],""3"":[2760,1140,5580,6420,900,5040],""4"":[2760,1140,5580,6420,5940]}"
128,3868119669,Asia/Seoul,32,63,9253e4399a82ad45c6a5185e99dd0fd5711ae232,2023-12-10 00:53:00,2023-12-10 14:06:00,2023-12-10,2023-12-10 04:33:16,2023-12-10 16:09:13,13500,9,2340,37380,23880,0.64,1140,0,22560,4,10,11400,83,64,100,17,9,22,1140,1,68,"{""1"":[0,13260,1080,3060,1740,720,1680,4020,4620],""2"":[1140,14460,9120,1020,4440,1020],""3"":[13140,2820,9420,4680,600,2640],""4"":[13140,780,3300,540,1740,1800,4080,4680,3240],""0"":[40320]}"
129,3870872773,Asia/Seoul,32,63,9253e4399a82ad45c6a5185e99dd0fd5711ae232,2023-12-11 11:51:00,2023-12-11 13:37:00,2023-12-11,2023-12-11 13:39:21,2023-12-11 15:40:13,4080,0,60,6360,2280,0.36,4080,0,0,0,0,1320,89,85,100,17,15,19,0,0,20,"{""1"":[0],""2"":[4080],""3"":[6360],""4"":[6360]}"
130,3872918867,Asia/Seoul,32,63,9253e4399a82ad45c6a5185e99dd0fd5711ae232,2023-12-12 11:29:00,2023-12-12 13:10:00,2023-12-12,2023-12-12 12:33:30,2023-12-12 15:13:15,1320,1,300,5640,4320,0.77,780,0,960,2,1,1380,74,69,87,16,14,17,2160,2,20,"{""1"":[0,3780,900],""2"":[780,3900],""3"":[3720,2340],""4"":[3720,600,1740]}"
131,3874516162,Asia/Seoul,32,63,9253e4399a82ad45c6a5185e99dd0fd5711ae232,2023-12-13 05:15:00,2023-12-13 08:06:00,2023-12-13,2023-12-13 05:40:13,2023-12-13 10:10:08,1080,3,1680,9720,8640,0.89,960,0,660,1,2,3660,74,64,81,16,11,21,0,0,20,"{""1"":[0,1560,4920,2580],""2"":[960,660,4860,2640],""3"":[1440,4740,2760,1320],""4"":[1440,4740,2760,1320]}"
132,3874946913,Asia/Seoul,32,63,9253e4399a82ad45c6a5185e99dd0fd5711ae232,2023-12-13 11:04:00,2023-12-13 11:38:00,2023-12-13,2023-12-13 11:39:17,2023-12-13 13:41:14,1440,0,0,2040,600,0.29,1440,0,0,0,0,600,67,65,68,15,15,16,360,1,20,"{""1"":[0],""2"":[1440],""3"":[2040],""4"":[2040]}"
133,3876858417,Asia/Seoul,32,63,9253e4399a82ad45c6a5185e99dd0fd5711ae232,2023-12-14 07:01:00,2023-12-14 13:12:00,2023-12-14,2023-12-14 08:26:10,2023-12-14 15:16:08,7440,5,840,13200,5760,0.44,780,0,15720,4,12,840,75,69,81,17,14,18,120,1,20,"{""1"":[0,6420,180,2220,1140,720,1200,660,1200,2100],""2"":[780,6480,2220,4980,2100],""3"":[4980,2820,1980,5040,1980],""4"":[4980,1500,1320,1980,540,480,1380,1260,1380,1980],""0"":[18240]}"
134,3879046113,Asia/Seoul,32,63,9253e4399a82ad45c6a5185e99dd0fd5711ae232,2023-12-15 08:50:00,2023-12-15 12:56:00,2023-12-15,2023-12-15 10:55:12,2023-12-15 15:09:12,660,4,3180,12840,12180,0.95,600,0,1980,2,4,3840,79,71,86,16,13,20,660,3,20,"{""1"":[0,7920,1440,1380,1500],""2"":[600,7320,1500,1320,1500],""3"":[7380,1800,1020,1380,3180],""4"":[7380,1800,1020,1380,3180]}"
135,3881135554,Asia/Seoul,32,63,9253e4399a82ad45c6a5185e99dd0fd5711ae232,2023-12-16 10:11:00,2023-12-16 13:28:00,2023-12-16,2023-12-16 11:27:16,2023-12-16 15:31:17,480,2,180,10860,10380,0.96,480,0,960,2,2,5640,58,48,69,15,12,20,0,0,20,"{""1"":[0,5040,4740],""2"":[480,4560,4740],""3"":[4440,4980,2400],""4"":[4440,4980,2400]}"
136,3883440667,Asia/Seoul,32,63,9253e4399a82ad45c6a5185e99dd0fd5711ae232,2023-12-17 08:13:00,2023-12-17 15:18:00,2023-12-17,2023-12-17 15:20:39,2023-12-17 17:21:14,3660,3,5340,25500,21840,0.86,720,1140,1800,4,0,8820,74,64,86,15,10,19,12960,14,62,"{""1"":[0],""2"":[720,17940,1440,3600],""3"":[17940,1800,3240,1380],""4"":[25500]}"
137,3885364168,Asia/Seoul,32,63,9253e4399a82ad45c6a5185e99dd0fd5711ae232,2023-12-18 10:13:00,2023-12-18 18:28:00,2023-12-18,2023-12-18 12:52:13,2023-12-18 20:32:13,11340,2,1500,25080,13740,0.55,960,0,15000,3,9,8040,78,67,96,17,12,24,0,0,20,"{""1"":[0,9660,600,240,960,720,3720,600,1680,3060],""2"":[960,13080,11160],""3"":[8460,7320,13920],""4"":[9420,360,540,600,1080,3780,300,1740,1320,10560]}"
138,3887368725,Asia/Seoul,32,63,9253e4399a82ad45c6a5185e99dd0fd5711ae232,2023-12-19 08:56:00,2023-12-19 11:45:00,2023-12-19,2023-12-19 11:42:21,2023-12-19 13:48:14,1980,1,660,10020,8040,0.8,1980,0,120,1,1,3420,75,71,88,14,9,18,3660,3,20,"{""1"":[0,10020],""2"":[1980,8040],""3"":[9900,240],""4"":[9900,240]}"
139,3888404755,Asia/Seoul,32,63,9253e4399a82ad45c6a5185e99dd0fd5711ae232,2023-12-19 21:13:00,2023-12-19 23:35:00,2023-12-19,2023-12-19 23:37:58,2023-12-20 01:38:12,5640,1,660,8520,2880,0.34,2820,2160,660,2,0,1380,79,67,83,17,9,25,0,0,20,"{""1"":[0],""2"":[2820,2820],""3"":[4980,1380],""4"":[8520]}"
140,3891505384,Asia/Seoul,32,63,9253e4399a82ad45c6a5185e99dd0fd5711ae232,2023-12-21 10:59:00,2023-12-21 12:24:00,2023-12-21,2023-12-21 12:26:32,2023-12-21 14:27:11,1260,0,1080,5100,3840,0.75,1260,0,0,0,0,1080,77,73,87,15,13,19,360,1,20,"{""1"":[0],""2"":[1260],""3"":[5100],""4"":[5100]}"
141,3893249571,Asia/Seoul,32,63,9253e4399a82ad45c6a5185e99dd0fd5711ae232,2023-12-22 07:33:00,2023-12-22 08:53:00,2023-12-22,2023-12-22 08:08:15,2023-12-22 11:11:10,840,1,780,4620,3780,0.82,480,0,540,1,2,1680,80,73,89,15,11,18,0,0,20,"{""1"":[0,2100,480],""2"":[480,2100],""3"":[2040,2760],""4"":[2040,420,2340]}"
142,3893443794,Asia/Seoul,32,63,9253e4399a82ad45c6a5185e99dd0fd5711ae232,2023-12-22 11:15:00,2023-12-22 13:46:00,2023-12-22,2023-12-22 11:40:18,2023-12-22 15:50:20,5460,2,360,6060,600,0.1,1200,0,7260,1,5,240,77,74,85,14,13,15,120,1,20,"{""1"":[0,1560,1440,1500,2760,1740],""2"":[1200,7380,420],""3"":[1440,7440,180],""4"":[1440,420,1980,2460,2580,180]}"
143,3900990474,Asia/Seoul,32,63,9253e4399a82ad45c6a5185e99dd0fd5711ae232,2023-12-26 10:53:00,2023-12-26 12:43:00,2023-12-26,2023-12-26 12:07:14,2023-12-26 14:46:12,840,2,1500,6180,5340,0.86,480,0,780,3,2,2220,76,70,83,14,12,20,1140,5,20,"{""1"":[0,4620,780],""2"":[480,4140,1140],""3"":[4320,960,1320],""4"":[4320,960,1320]}"
144,3902755571,Asia/Seoul,32,63,9253e4399a82ad45c6a5185e99dd0fd5711ae232,2023-12-27 09:30:00,2023-12-27 11:30:00,2023-12-27,2023-12-27 09:58:23,2023-12-27 13:33:14,1680,3,3360,5340,3660,0.69,1260,0,2280,4,3,300,66,53,73,15,12,20,0,0,20,"{""1"":[0,2520,1080,2460,360],""2"":[1260,2340,2460,360],""3"":[1560,4440,240,960],""4"":[1560,1380,3060,240,960]}"
145,3904627495,Asia/Seoul,32,63,9253e4399a82ad45c6a5185e99dd0fd5711ae232,2023-12-28 08:25:00,2023-12-28 08:59:00,2023-12-28,2023-12-28 09:01:22,2023-12-28 11:02:13,480,0,0,2040,1560,0.76,480,0,0,0,0,360,67,65,67,13,12,13,0,0,20,"{""1"":[0],""2"":[480],""3"":[2040],""4"":[2040]}"
146,3904831777,Asia/Seoul,32,63,9253e4399a82ad45c6a5185e99dd0fd5711ae232,2023-12-28 11:33:00,2023-12-28 13:08:00,2023-12-28,2023-12-28 13:09:16,2023-12-28 15:12:16,4860,0,0,5700,840,0.15,4860,0,0,0,0,840,68,61,77,15,10,19,0,0,20,"{""1"":[0],""2"":[4860],""3"":[5700],""4"":[5700]}"
147,3906289753,Asia/Seoul,32,63,9253e4399a82ad45c6a5185e99dd0fd5711ae232,2023-12-29 04:31:00,2023-12-29 11:41:00,2023-12-29,2023-12-29 05:14:12,2023-12-29 13:58:14,4800,6,2700,19320,14520,0.75,840,0,10440,2,8,5460,77,69,85,16,12,22,300,1,20,"{""1"":[0,3180,420,1860,360,4320,300,4860,540],""2"":[840,6660,2640,300,4860,540],""3"":[2520,7560,240,4800,240,1080],""4"":[2520,900,240,1860,4560,240,4800,240,1080],""0"":[19140]}"
148,3908637496,Asia/Seoul,32,63,9253e4399a82ad45c6a5185e99dd0fd5711ae232,2023-12-30 08:09:00,2023-12-30 10:04:00,2023-12-30,2023-12-30 09:36:11,2023-12-30 12:18:11,600,1,3360,6300,5700,0.9,600,0,600,1,0,240,76,70,82,15,12,20,480,1,20,"{""1"":[0,5700],""2"":[600,5100],""3"":[5100,1800],""4"":[5100,1800]}"
149,3910470365,Asia/Seoul,32,63,9253e4399a82ad45c6a5185e99dd0fd5711ae232,2023-12-31 06:06:00,2023-12-31 12:45:00,2023-12-31,2023-12-31 07:14:22,2023-12-31 14:49:11,4920,4,2160,23160,18240,0.79,3540,0,2160,3,2,10380,95,67,102,16,10,23,360,2,31,"{""1"":[0,4440,4800,4320],""2"":[3540,1200,4740,4320,7980],""3"":[3960,5100,4380,7740,2760],""4"":[3960,5100,4380,10500]}"
150,3912873035,Asia/Seoul,32,63,9253e4399a82ad45c6a5185e99dd0fd5711ae232,2024-01-01 11:35:00,2024-01-01 13:33:00,2024-01-01,2024-01-01 13:35:36,2024-01-01 15:36:14,2580,0,1620,7080,4500,0.64,1980,600,0,1,0,1140,81,66,85,16,13,22,660,2,20,"{""1"":[0],""2"":[1980],""3"":[6480],""4"":[7080]}"
151,3916920958,Asia/Seoul,32,63,9253e4399a82ad45c6a5185e99dd0fd5711ae232,2024-01-03 06:44:00,2024-01-03 11:05:00,2024-01-03,2024-01-03 07:47:20,2024-01-03 13:08:12,2880,4,1800,15300,12420,0.81,1740,0,1500,2,2,6360,69,58,76,14,10,18,120,1,20,"{""1"":[0,3960,9060,1320],""2"":[1740,2640,1140,7620,1440],""3"":[3720,1440,7800,1320,1380],""4"":[3720,9240,1320,1380]}"
152,3919391405,Asia/Seoul,32,63,9253e4399a82ad45c6a5185e99dd0fd5711ae232,2024-01-04 10:13:00,2024-01-04 13:07:00,2024-01-04,2024-01-04 10:50:42,2024-01-04 15:10:14,1440,3,2100,10080,8640,0.86,420,0,1380,3,2,5220,87,79,98,15,12,21,1020,2,20,"{""1"":[0,2220,1200,2580],""2"":[420,1860,1320,2580],""3"":[2100,600,3180,4560],""4"":[2100,1200,2580,4560]}"
153,3921197394,Asia/Seoul,32,63,9253e4399a82ad45c6a5185e99dd0fd5711ae232,2024-01-05 05:02:00,2024-01-05 05:26:00,2024-01-05,2024-01-05 05:27:13,2024-01-05 07:29:14,420,0,0,1440,1020,0.71,420,0,0,0,0,1020,82,81,83,16,14,17,660,2,20,"{""1"":[0],""2"":[420],""3"":[1440],""4"":[1440]}"
154,3923161600,Asia/Seoul,32,63,9253e4399a82ad45c6a5185e99dd0fd5711ae232,2024-01-06 01:59:00,2024-01-06 16:16:00,2024-01-06,2024-01-06 02:49:18,2024-01-06 18:19:10,6840,8,6540,47220,40380,0.86,780,1020,9240,7,7,25200,74,58,92,15,11,20,3180,4,79,"{""1"":[0,3000,8040,2160,4740,1860,1020,16620],""2"":[780,2280,10800,4260,3120,10740,6780],""3"":[2880,7380,7500,1740,11940,5520,4080],""4"":[2880,7380,1620,5880,1740,780,16680,4080],""0"":[41520]}"
155,3924631112,Asia/Seoul,32,63,9253e4399a82ad45c6a5185e99dd0fd5711ae232,2024-01-06 18:20:00,2024-01-06 19:44:00,2024-01-06,2024-01-06 19:45:15,2024-01-06 21:47:14,1020,0,780,5040,4020,0.8,1020,0,0,1,0,3240,93,60,106,16,14,26,0,0,20,"{""1"":[0],""2"":[1020],""3"":[5040],""4"":[5040]}"
156,3925611628,Asia/Seoul,32,63,9253e4399a82ad45c6a5185e99dd0fd5711ae232,2024-01-07 04:54:00,2024-01-07 05:59:00,2024-01-07,2024-01-07 05:18:36,2024-01-07 08:02:15,1020,1,300,3780,2760,0.73,1020,0,120,1,1,900,77,70,80,14,12,16,180,1,20,"{""1"":[0,1440],""2"":[1020,420],""3"":[1320,2580],""4"":[1320,2580]}"
157,3928300871,Asia/Seoul,32,63,9253e4399a82ad45c6a5185e99dd0fd5711ae232,2024-01-08 09:11:00,2024-01-08 12:57:00,2024-01-08,2024-01-08 10:24:18,2024-01-08 15:01:05,9420,2,0,11100,1680,0.15,2760,0,9120,0,5,1680,89,61,102,17,14,20,0,0,20,"{""1"":[0,4860,1380,1740,780,2400],""2"":[2760,960,9120],""3"":[3120,1200,9240],""4"":[4320,1020,2460,840,1800,3120]}"
158,3930744952,Asia/Seoul,32,63,9253e4399a82ad45c6a5185e99dd0fd5711ae232,2024-01-09 11:10:00,2024-01-09 13:25:00,2024-01-09,2024-01-09 12:23:29,2024-01-09 15:28:15,2580,2,1560,7980,5400,0.68,2040,0,660,2,1,2400,73,68,80,15,12,20,0,0,20,"{""1"":[0,4380],""2"":[2040,2460,2220],""3"":[4260,2040,1800],""4"":[4260,3840]}"
159,3932673122,Asia/Seoul,32,63,9253e4399a82ad45c6a5185e99dd0fd5711ae232,2024-01-10 05:50:00,2024-01-10 11:39:00,2024-01-10,2024-01-10 06:40:14,2024-01-10 13:42:14,7080,5,360,16320,9240,0.57,540,0,11160,3,8,5520,77,67,87,15,13,18,0,0,20,"{""1"":[0,3120,2100,1860,1380,600,480,1200,2700,3600],""2"":[540,2640,4500,1860,1440,7020],""3"":[2940,2100,2880,1920,2640],""4"":[2940,2100,720,2160,780,600,1200,1980,3960],""0"":[20940]}"
160,3934978423,Asia/Seoul,32,63,9253e4399a82ad45c6a5185e99dd0fd5711ae232,2024-01-11 02:50:00,2024-01-11 07:44:00,2024-01-11,2024-01-11 04:56:14,2024-01-11 09:47:11,4800,1,0,15000,10200,0.68,1260,0,6180,0,4,3780,76,66,98,16,13,21,480,2,20,"{""1"":[0,8640,1020,1140,240],""2"":[1260,12420],""3"":[7500,10140],""4"":[7500,1620,780,1080,6660]}"
161,3942362422,Asia/Seoul,32,63,9253e4399a82ad45c6a5185e99dd0fd5711ae232,2024-01-14 04:52:00,2024-01-14 10:04:00,2024-01-14,2024-01-14 06:02:29,2024-01-14 12:08:01,3660,3,3000,16380,12720,0.78,1320,0,4680,4,5,2700,74,57,81,14,11,28,2700,3,20,"{""1"":[0,4200,540,6660,660,1560],""2"":[1320,2880,540,10020],""3"":[4080,300,6180,8160],""4"":[4080,300,6180,1080,1380,5700]}"
162,3944961991,Asia/Seoul,32,63,9253e4399a82ad45c6a5185e99dd0fd5711ae232,2024-01-15 08:05:00,2024-01-15 11:14:00,2024-01-15,2024-01-15 08:54:16,2024-01-15 13:17:13,2280,4,3060,10440,8160,0.78,1320,0,1860,2,3,3900,76,68,85,15,11,27,1620,3,20,"{""1"":[0,3180,1980,2520,2160],""2"":[1320,1860,2460,2520,1680],""3"":[2820,2220,2520,1980,1800],""4"":[2820,2220,2520,1980,1800]}"
163,3947346285,Asia/Seoul,32,63,9253e4399a82ad45c6a5185e99dd0fd5711ae232,2024-01-16 09:23:00,2024-01-16 10:24:00,2024-01-16,2024-01-16 10:26:19,2024-01-16 13:12:12,1680,0,0,3660,1980,0.54,1680,0,0,0,0,240,84,81,88,15,13,17,0,0,20,"{""1"":[0],""2"":[1680],""3"":[3660],""4"":[3660]}"
164,3949533786,Asia/Seoul,32,63,9253e4399a82ad45c6a5185e99dd0fd5711ae232,2024-01-17 08:00:00,2024-01-17 13:17:00,2024-01-17,2024-01-17 08:25:06,2024-01-17 15:20:16,4860,3,1320,14280,9420,0.66,1140,0,8460,2,4,6900,73,61,84,14,11,19,0,0,20,"{""1"":[0,4380,660,1380,240,7320],""2"":[1140,7920,4980,3180],""3"":[1380,12420,2880,2340],""4"":[1380,3240,720,1260,7200,5220]}"
165,3951760102,Asia/Seoul,32,63,9253e4399a82ad45c6a5185e99dd0fd5711ae232,2024-01-18 05:43:00,2024-01-18 12:11:00,2024-01-18,2024-01-18 06:46:17,2024-01-18 14:14:15,3480,4,1680,22680,19200,0.85,1560,0,2520,2,4,10680,90,60,101,17,10,22,2100,3,44,"{""1"":[0,3840,720,1380,7980],""2"":[1560,3480,1080,8040,7860],""3"":[3720,2100,7860,7920,1680],""4"":[3720,720,1380,7860,9600]}"
166,3954652498,Asia/Seoul,32,63,9253e4399a82ad45c6a5185e99dd0fd5711ae232,2024-01-19 09:24:00,2024-01-19 15:17:00,2024-01-19,2024-01-19 12:19:35,2024-01-19 17:20:15,3120,4,2280,20220,17100,0.85,1260,0,2820,1,3,7140,81,73,90,16,11,28,840,2,30,"{""1"":[0,10560,9300,1260],""2"":[1260,4920,4500,9480,960],""3"":[5640,4740,7980,2580,240],""4"":[10380,8880,1680,240]}"
